univNameCn,univTags,univCategory,province,score,ranking,lng,lat,tlng,tlat
清华大学,一流大学A类 985 211,综合,北京,969.2,1,116.326759,40.003304,116.3206296,40.00200284
北京大学,一流大学A类 985 211,综合,北京,855.3,2,116.308264,39.995304,116.3021744,39.99403634
浙江大学,一流大学A类 985 211,综合,浙江,768.7,3,120.164517,30.292956,120.1598348,30.29529152
上海交通大学,一流大学A类 985 211,综合,上海,723.4,4,121.425413,31.206075,121.4207734,31.20792881
南京大学,一流大学A类 985 211,综合,江苏,654.8,5,118.961365,32.110012,118.9562548,32.11217815
复旦大学,一流大学A类 985 211,综合,上海,649.7,6,121.498718,31.336472,121.4942574,31.33843014
中国科学技术大学,一流大学A类 985 211,理工,安徽,577,7,116.757576,39.588718,116.7515313,39.58753057
华中科技大学,一流大学A类 985 211,综合,湖北,574.3,8,114.434479,30.511049,114.42897,30.51336853
武汉大学,一流大学A类 985 211,综合,湖北,567.9,9,114.365248,30.53786,114.3597244,30.54018997
西安交通大学,一流大学A类 985 211,综合,陕西,537.9,10,108.98565,34.250189,108.9808578,34.2516866
哈尔滨工业大学,一流大学A类 985 211,理工,黑龙江,522.6,11,126.632884,45.743721,126.626948,45.74178696
中山大学,一流大学A类 985 211,综合,广东,519.3,12,113.391838,22.530892,113.3863571,22.53358392
北京师范大学,一流大学A类 985 211,师范,北京,518.3,13,116.364139,39.962637,116.3579325,39.96126931
四川大学,一流大学A类 985 211,综合,四川,516.6,14,104.083748,30.630869,104.0812178,30.63328355
北京航空航天大学,一流大学A类 985 211,理工,北京,513.8,15,116.347313,39.981771,116.3411392,39.98043163
同济大学,一流大学A类 985 211,理工,上海,508.3,16,121.210861,31.288713,121.2063973,31.29067682
东南大学,一流大学A类 985 211,综合,江苏,488.1,17,120.376091,31.482067,120.3714007,31.48385426
中国人民大学,一流大学A类 985 211,综合,北京,487.8,18,113.316177,23.120075,113.3107817,23.12269543
北京理工大学,一流大学A类 985 211,理工,北京,474,19,116.310583,39.960022,116.3044932,39.95875184
南开大学,一流大学A类 985 211,综合,天津,465.3,20,117.16999,39.103958,117.1636239,39.10287404
山东大学,一流大学A类 985 211,综合,山东,447,21,117.059475,36.678325,117.0534238,36.67791372
天津大学,一流大学A类 985 211,理工,天津,444.3,22,117.169884,39.113447,117.1635165,39.11235705
中南大学,一流大学A类 985 211,综合,湖南,442.2,23,112.926247,28.174528,112.9208315,28.17805664
吉林大学,一流大学A类 985 211,综合,吉林,435.7,24,125.280441,43.827437,125.2740444,43.82506565
西北工业大学,一流大学A类 985 211,理工,陕西,430.5,25,108.904854,34.241802,108.9002692,34.24343259
厦门大学,一流大学A类 985 211,综合,福建,427.8,26,118.095414,24.436803,118.0904405,24.43944183
华南理工大学,一流大学A类 985 211,理工,广东,419.8,27,113.367149,23.110704,113.3616564,23.1132369
大连理工大学,一流大学A类 985 211,理工,辽宁,418.2,28,121.529015,38.880379,121.5239212,38.87951523
华东师范大学,一流大学A类 985 211,师范,上海,401.8,29,121.390923,31.230452,121.386277,31.23229159
中国农业大学,一流大学A类 985 211,农业,北京,400.4,30,116.346695,39.991074,116.3405214,39.98973539
电子科技大学,一流大学A类 985 211,理工,四川,398.8,31,108.375046,30.790291,108.3704777,30.79258072
湖南大学,一流大学B类 985 211,综合,湖南,393.5,32,112.943119,28.177444,112.9376745,28.18095194
北京科技大学,一流学科 211,理工,北京,379.4,33,116.595156,39.918741,116.5893695,39.9177007
重庆大学,一流大学A类 985 211,综合,重庆,365.5,34,106.46773,29.561465,106.4637795,29.5640742
南京航空航天大学,一流学科 211,理工,江苏,358.6,35,118.820289,32.035021,118.8151431,32.03712262
东北大学,一流大学B类 985 211,理工,辽宁,356.1,36,123.419479,41.767193,123.4133357,41.76475104
南京理工大学,一流学科 211,理工,江苏,356,37,118.857244,32.026884,118.8521752,32.02905178
西安电子科技大学,一流学科 211,理工,陕西,355.1,38,108.915307,34.231049,108.9107142,34.23268152
兰州大学,一流大学A类 985 211,综合,甘肃,353.4,39,103.857658,36.045806,103.8552976,36.04617349
北京交通大学,一流学科 211,理工,北京,349.9,40,116.33934,39.950612,116.333188,39.94928884
南方科技大学,,综合,广东,345.8,41,113.987724,22.59359,113.9827679,22.596503
华中农业大学,一流学科 211,农业,湖北,338.5,42,114.356026,30.474377,114.3505204,30.47674138
上海大学,一流学科 211,综合,上海,333,43,121.392456,31.315883,121.3878013,31.317686
苏州大学,一流学科 211,综合,江苏,327,44,120.641182,31.302245,120.636984,31.30440009
华东理工大学,一流学科 211,理工,上海,324.5,45,120.568047,31.300606,120.5638378,31.30276764
华中师范大学,一流学科 211,师范,湖北,322,46,114.026222,22.537685,114.0211745,22.54048921
南京师范大学,一流学科 211,师范,江苏,321.3,47,118.911954,32.093466,118.9069258,32.09569306
中国地质大学（武汉）,一流学科 211,理工,湖北,320.2,48,114.400065,30.528835,114.3945219,30.53113411
东北师范大学,一流学科 211,师范,吉林,319.7,49,125.333496,43.862759,125.3269726,43.86032455
哈尔滨工程大学,一流学科 211,理工,黑龙江,319,50,126.681632,45.776638,126.6755681,45.77463127
西南交通大学,一流学科 211,理工,四川,318,51,103.445503,29.57567,103.4432375,29.5782698
南京农业大学,一流学科 211,农业,江苏,316.1,52,118.839686,32.033444,118.8345813,32.03558155
郑州大学,一流大学B类 211,综合,河南,312.8,53,113.533269,34.820615,113.5270672,34.82163204
北京邮电大学,一流学科 211,理工,北京,312.5,54,116.358103,39.961554,116.351909,39.96019631
武汉理工大学,一流学科 211,理工,湖北,312.2,55,114.352748,30.514768,114.3472437,30.51712629
中国海洋大学,一流大学A类 985 211,综合,山东,311,56,120.336266,36.06184,120.3311948,36.06164302
暨南大学,一流学科 211,综合,广东,307.4,57,113.347717,23.128052,113.3422572,23.13061035
中国石油大学（北京）,一流学科 211,理工,北京,307.3,58,116.245976,40.220419,116.239903,40.21917877
北京工业大学,一流学科 211,理工,北京,306,59,116.480595,39.875357,116.4744987,39.87406331
河海大学,一流学科 211,理工,江苏,303.4,60,119.980309,31.818939,119.9755536,31.82097719
中国矿业大学,一流学科 211,理工,江苏,301.6,61,117.20002,34.221153,117.1942669,34.22240708
北京化工大学,一流学科 211,理工,北京,296.7,62,116.420818,39.970398,116.4145722,39.96899489
中国地质大学（北京）,一流学科 211,理工,北京,295.5,63,116.348923,39.991346,116.3427444,39.99000328
西北大学,一流学科 211,综合,陕西,293,64,108.927414,34.248524,108.9228028,34.25014175
江南大学,一流学科 211,综合,江苏,292.9,65,108.273206,22.781166,108.2692891,22.78401706
上海科技大学,,综合,上海,288.7,66,121.594551,31.17614,121.5903516,31.17836718
中国石油大学（华东）,一流学科 211,理工,山东,287.4,67,108.648277,21.973679,108.6445402,21.97657855
西南大学,一流学科 211,综合,重庆,286.5,68,106.419098,29.820271,106.4150617,29.82274979
中国矿业大学（北京）,一流学科 211,理工,北京,285.5,69,116.349613,39.999426,116.3434319,39.99808168
深圳大学,,综合,广东,280.4,70,113.935097,22.527939,113.9302326,22.53097491
陕西师范大学,一流学科 211,师范,陕西,280.1,71,108.953253,34.206264,108.9485825,34.2078587
江苏大学,,综合,江苏,276.9,72,118.704677,32.178798,118.6994932,32.18090408
浙江工业大学,,理工,浙江,275.6,73,120.04121,30.228002,120.0364424,30.23035785
北京林业大学,一流学科 211,林业,北京,275,74,116.341404,40.002502,116.3352408,40.00117283
华南师范大学,一流学科 211,师范,广东,274.7,75,113.518066,23.354553,113.5127888,23.35719798
西北农林科技大学,一流大学B类 985 211,农业,陕西,273.7,76,108.078491,34.272434,108.0735844,34.2737104
扬州大学,,综合,江苏,269.5,77,119.42163,32.388299,119.4161539,32.39018101
南昌大学,一流学科 211,综合,江西,268.9,78,115.802686,28.665028,115.7976398,28.66826001
福州大学,一流学科 211,理工,福建,267.7,79,119.19505,26.057266,119.1902204,26.06033801
华北电力大学,一流学科 211,理工,北京,263.2,80,116.33358,39.988014,116.327437,39.98670047
东华大学,一流学科 211,理工,上海,262.8,81,121.210938,31.059938,121.2064938,31.06201645
合肥工业大学,一流学科 211,理工,安徽,262.7,82,117.293767,31.846725,117.2882368,31.84871151
云南大学,一流大学B类 211,综合,云南,262.1,83,102.700578,25.052952,102.6991627,25.05594162
宁波大学,一流学科,综合,浙江,261.4,84,121.635098,29.911925,121.6309838,29.914533
首都师范大学,一流学科,师范,北京,261.1,85,116.323341,39.924248,116.3172287,39.92295634
湖南师范大学,一流学科 211,师范,湖南,259.6,86,112.946191,28.183942,112.9407397,28.18744538
南京工业大学,,理工,江苏,259.5,87,118.642381,32.077725,118.637335,32.07992301
长安大学,一流学科 211,理工,陕西,250.2,88,108.955053,34.228959,108.9503751,34.23054196
福建师范大学,,师范,福建,248.2,89,119.37986,25.704958,119.3749553,25.70769069
安徽大学,一流学科 211,综合,安徽,243.1,90,117.255736,31.844926,117.2502522,31.84693932
南京信息工程大学,一流学科,理工,江苏,240.9,91,118.715506,32.203356,118.710301,32.20544944
上海理工大学,,理工,上海,240.7,92,121.553803,31.290336,121.5495286,31.29246107
华南农业大学,,农业,广东,238.3,93,113.360382,23.167627,113.3548964,23.1701479
广西大学,一流学科 211,综合,广西,237,94,108.288135,22.839381,108.2842021,22.8421969
南京邮电大学,一流学科,理工,江苏,235.7,95,118.814249,32.070478,118.8090876,32.07257666
燕山大学,,理工,河北,235.7,95,119.539719,39.904507,119.5338006,39.90331395
河南大学,一流学科,综合,河南,234.6,97,113.541989,34.792565,113.5358207,34.79363423
湖北大学,,综合,湖北,232.9,98,114.331617,30.576571,114.3261408,30.57894755
广州大学,,综合,广东,232.7,99,113.370555,23.039919,113.3650622,23.04247683
青岛大学,,综合,山东,231.4,100,120.423644,36.067508,120.4185297,36.06722919
湘潭大学,,综合,湖南,229.9,101,112.863096,27.882942,112.8576911,27.88640289
广东工业大学,,理工,广东,229.6,102,113.396961,23.039789,113.3914437,23.04232136
浙江师范大学,,师范,浙江,229.2,103,121.347948,28.485432,121.343595,28.48851426
大连海事大学,一流学科 211,理工,辽宁,228.4,104,121.529038,38.869782,121.5239455,38.86892431
上海师范大学,,师范,上海,227.3,105,121.418362,31.160404,121.4137207,31.16227578
杭州电子科技大学,,理工,浙江,226.9,106,120.3432,30.314207,120.3386495,30.31653969
武汉科技大学,,理工,湖北,226.6,107,114.370253,30.623761,114.364716,30.62605144
南京林业大学,一流学科,林业,江苏,225.3,108,118.816826,32.078682,118.811669,32.08078698
河北工业大学,一流学科 211,理工,天津,223.8,109,114.463313,37.97725,114.4571202,37.97645497
山东师范大学,,师范,山东,223.8,109,116.834412,36.543625,116.8288014,36.54353143
浙江理工大学,,理工,浙江,221.8,111,120.362572,30.316087,120.3579946,30.31838561
山西大学,,综合,山西,221,112,112.588507,37.801171,112.5822712,37.80068193
太原理工大学,一流学科 211,理工,山西,219.8,113,112.518158,37.859976,112.5117431,37.85935299
东北林业大学,一流学科 211,林业,黑龙江,218.9,114,126.634252,45.720355,126.6283169,45.71841349
河北大学,,综合,河北,217,115,114.54876,38.02342,114.5428918,38.02287071
东北农业大学,一流学科 211,农业,黑龙江,216.3,116,126.726219,45.743717,126.7200492,45.74162948
江西师范大学,,师范,江西,215.5,117,116.030401,28.682091,116.0253201,28.68519527
西安建筑科技大学,,理工,陕西,215.5,117,108.965222,34.239635,108.9605092,34.24119117
杭州师范大学,,师范,浙江,215.2,119,120.394204,30.315728,120.3896066,30.31799191
内蒙古大学,一流学科 211,综合,内蒙古,214.9,120,111.690726,40.812259,111.6839121,40.81091007
福建农林大学,,农业,福建,214,121,119.238292,26.082845,119.2335229,26.08598843
江苏师范大学,,师范,江苏,213.4,122,117.18049,34.197566,117.1747061,34.19879287
西安理工大学,,理工,陕西,213.2,123,108.996089,34.221176,108.9912554,34.22265374
辽宁大学,一流学科 211,综合,辽宁,212.6,124,123.404758,41.833936,123.3986071,41.83148914
北京建筑大学,,理工,北京,210.8,125,116.341093,39.936144,116.3349389,39.93481808
安徽师范大学,,师范,安徽,210.5,126,118.376057,31.282868,118.3706616,31.28474461
河南师范大学,,师范,河南,210.4,127,113.849865,34.780709,113.8438936,34.78180637
长沙理工大学,,理工,湖南,209.5,128,112.977322,28.155963,112.971784,28.15939493
昆明理工大学,,理工,云南,206.7,129,102.856572,24.852559,102.8551868,24.85567155
新疆大学,一流大学B类 211,综合,新疆,206.7,129,87.616159,43.765046,87.61331525,43.7638085
汕头大学,,综合,广东,206.4,131,116.631809,23.412536,116.6274519,23.41527449
西南石油大学,一流学科,理工,四川,206,132,104.183563,30.821791,104.1811167,30.82421379
山东科技大学,,综合,山东,204.5,133,120.123712,36.005131,120.1183841,36.004875
河南农业大学,,农业,河南,204.3,134,113.664109,34.784842,113.6580135,34.78593479
贵州大学,一流学科 211,综合,贵州,201.7,135,106.676788,26.44438,106.673123,26.44794021
华侨大学,,综合,福建,201.4,136,118.645264,24.934317,118.6407797,24.93727924
河北师范大学,,师范,河北,201.1,137,114.517366,37.994022,114.5113847,37.99338241
黑龙江大学,,综合,黑龙江,201,138,126.622339,45.708441,126.6164236,45.70650851
中国计量大学,,理工,浙江,201,138,120.363907,30.318892,120.3593278,30.32118817
陕西科技大学,,理工,陕西,198.6,140,108.977594,34.38103,108.9728234,34.38248965
沈阳农业大学,,农业,辽宁,196.8,141,123.570051,41.826563,123.5643068,41.82445675
天津师范大学,,师范,天津,196.5,142,117.122435,39.062144,117.1160138,39.06101851
湖北工业大学,,理工,湖北,196.3,143,114.309722,30.479725,114.3042877,30.48217316
海南大学,一流学科 211,综合,海南,196.2,144,110.328752,20.056739,110.3243942,20.05882101
济南大学,,综合,山东,195.4,145,116.964624,36.614668,116.9589535,36.61455237
山东农业大学,,农业,山东,194.7,146,117.154179,36.164227,117.148138,36.16403026
常州大学,,理工,江苏,194.6,147,119.957948,31.683504,119.9532499,31.68558134
温州大学,,综合,浙江,194.6,147,120.695224,27.917666,120.6911853,27.92095014
重庆邮电大学,,理工,重庆,193.7,149,106.607808,29.531873,106.604116,29.5347777
齐鲁工业大学,,理工,山东,192.6,150,118.057846,36.794289,118.0517729,36.79378459
曲阜师范大学,,师范,山东,189.8,151,116.972711,35.59635,116.9671196,35.5965758
武汉工程大学,,理工,湖北,188.6,152,114.390726,30.5033,114.385186,30.50561138
湖南农业大学,,农业,湖南,187.9,153,113.088798,28.182275,113.0829284,28.18544446
天津工业大学,一流学科,理工,天津,187.4,154,117.111675,39.062278,117.1052524,39.06114693
安徽农业大学,,农业,安徽,187,155,117.257757,31.86052,117.2522706,31.86253629
江苏科技大学,,理工,江苏,186.8,156,120.570656,31.895703,120.5664027,31.89783886
浙江农林大学,,林业,浙江,186,157,119.729509,30.233838,119.7246147,30.23631285
北方工业大学,,理工,北京,185.7,158,116.20649,39.929413,116.2003876,39.92815476
广西师范大学,,师范,广西,184.7,159,108.349109,22.836028,108.3450709,22.83874035
吉林农业大学,,农业,吉林,184.4,160,125.410385,43.810433,125.4037384,43.80787556
青岛科技大学,,理工,山东,183.8,161,120.386711,36.150162,120.3815702,36.14986718
四川农业大学,一流学科 211,农业,四川,183.3,162,102.995598,29.9775,102.993812,29.98021818
西北师范大学,,师范,甘肃,183.3,162,103.73571,36.099232,103.7332061,36.0994519
南通大学,,综合,江苏,183.1,164,120.906396,31.975851,120.9021803,31.97802125
石河子大学,一流学科 211,综合,新疆,182.8,165,86.071467,44.309418,86.06863955,44.30820073
上海海洋大学,一流学科,农业,上海,182.5,166,121.892161,30.885617,121.8880724,30.8880024
三峡大学,,综合,湖北,179.8,167,111.311539,30.714216,111.3058293,30.71661357
安徽工业大学,,理工,安徽,178.6,168,118.556363,31.675693,118.551327,31.67780124
河南理工大学,,理工,河南,177.7,169,113.890398,34.792194,113.8845223,34.79333381
宁夏大学,一流学科 211,综合,宁夏,176.4,170,106.132335,38.503198,106.127757,38.50257844
西安科技大学,,理工,陕西,175,171,109.195385,34.363008,109.190304,34.36433457
上海海事大学,,理工,上海,174.6,172,121.904018,30.871598,121.8999397,30.87399569
成都理工大学,一流学科,理工,四川,174.2,173,104.147257,30.674912,104.1447516,30.67734332
南昌航空大学,,理工,江西,173.7,174,115.827603,28.649928,115.8226178,28.65321221
长春理工大学,,理工,吉林,172.7,175,125.313308,43.834725,125.306843,43.83231246
辽宁师范大学,,师范,辽宁,172.5,176,121.563378,38.920122,121.5583869,38.9193141
西南科技大学,,理工,四川,172.1,177,104.68644,31.534838,104.6838043,31.53709569
河北农业大学,,农业,河北,171.9,178,115.447073,38.829154,115.4406942,38.82822873
中北大学,,理工,山西,171.7,179,112.44368,39.374947,112.4368362,39.3737718
青海大学,一流学科 211,综合,青海,171.6,180,101.749439,36.728139,101.7474775,36.7281395
集美大学,,综合,福建,170.7,181,118.096359,24.569562,118.0913761,24.57221837
武汉纺织大学,,理工,湖北,170.4,182,114.398806,30.485637,114.3932666,30.48794936
天津理工大学,,理工,天津,170.3,183,117.142117,39.060669,117.135712,39.05956539
四川师范大学,,师范,四川,170.1,184,104.123474,30.610054,104.1209418,30.61248211
云南师范大学,,师范,云南,169.6,185,102.854435,24.862935,102.853047,24.86604292
浙江海洋大学,,农业,浙江,169.6,185,122.190042,29.963449,122.1858405,29.96581768
天津科技大学,,理工,天津,169.5,187,117.710692,39.089416,117.7044151,39.08847529
湖南科技大学,,综合,湖南,169.4,188,112.916891,27.903172,112.9115064,27.90667094
重庆交通大学,,理工,重庆,169.1,189,106.57283,29.489235,106.5691405,29.49214088
长江大学,,综合,湖北,168.4,190,112.212776,30.334261,112.2070254,30.33678754
兰州理工大学,,理工,甘肃,168.1,191,103.77571,36.054676,103.7732041,36.05490995
山东理工大学,,理工,山东,168.1,191,118.001824,36.813618,117.9959071,36.81325146
安徽理工大学,,理工,安徽,167,193,117.00032,32.653882,116.99491,32.6559351
烟台大学,,综合,山东,167,193,121.459149,37.475408,121.4539578,37.47444694
大连工业大学,,理工,辽宁,165.9,195,121.526276,38.975506,121.5211611,38.97457804
哈尔滨理工大学,,理工,黑龙江,165.5,196,126.616657,45.714903,126.6107465,45.71297599
沈阳师范大学,,师范,辽宁,165.5,196,123.412537,41.913624,123.4063723,41.91117996
延边大学,一流学科 211,综合,吉林,165.4,198,129.48838,42.912091,129.4813488,42.90954382
内蒙古农业大学,,农业,内蒙古,165.3,199,111.706694,40.808357,111.6998418,40.80698307
河南科技大学,,综合,河南,164.9,200,113.637549,34.720551,113.6314985,34.72175058
南华大学,,综合,湖南,164.1,201,101.283236,25.200163,101.2817087,25.2030916
哈尔滨师范大学,,师范,黑龙江,164,202,126.62127,45.723665,126.6153534,45.72173707
石家庄铁道大学,,理工,河北,163.5,203,114.508511,38.083381,114.5024827,38.08273378
北京信息科技大学,,理工,北京,163.4,204,116.38197,39.988892,116.3757319,39.98749916
沈阳建筑大学,,理工,辽宁,162.5,205,123.51595,41.74323,123.5100575,41.74099977
青岛农业大学,,农业,山东,162.4,206,120.395817,36.319084,120.3906566,36.3187366
上海工程技术大学,,理工,上海,161.7,207,121.205007,31.05605,121.2005535,31.05812181
河南工业大学,,理工,河南,161.4,208,113.549923,34.830976,113.5437763,34.8320238
江西理工大学,,理工,江西,161.1,209,114.929361,25.853103,114.924647,25.85631386
中南林业科技大学,,林业,湖南,160.8,210,116.347,40.007599,116.3408236,40.00625913
北京农学院,,农业,北京,160.7,211,116.311673,40.096215,116.305564,40.09493605
重庆师范大学,,师范,重庆,160.6,212,106.299454,29.613656,106.2956344,29.61631636
江西农业大学,,农业,江西,160.5,213,115.83852,28.757181,115.8335543,28.76041912
兰州交通大学,,理工,甘肃,160.5,213,103.745276,36.0997,103.7427639,36.09991556
西藏大学,一流学科 211,综合,西藏,159.7,215,91.14678,29.645518,91.14525864,29.6482611
沈阳工业大学,,理工,辽宁,159.6,216,123.251658,41.737484,123.2458561,41.73522969
华东交通大学,,理工,江西,159.4,217,115.867828,28.745691,115.862933,28.74898694
沈阳航空航天大学,,理工,辽宁,159.2,218,123.407899,41.926975,123.4017331,41.92453178
西安邮电大学,,理工,陕西,158.9,219,108.948713,34.213552,108.9440554,34.2151529
东华理工大学,,理工,江西,158.7,220,116.354691,28.001877,116.349695,28.00503399
东北电力大学,,理工,吉林,158.6,221,126.504189,43.823273,126.4983069,43.82087346
上海电力大学,,理工,上海,157.9,222,121.546776,31.27518,121.5424839,31.27729602
鲁东大学,,综合,山东,157.3,223,121.359238,37.523045,121.3540218,37.5220597
国际关系学院,,综合,北京,157.2,224,116.30677,39.992176,116.3006836,39.99091093
大连大学,,综合,辽宁,156.9,225,121.823465,39.100645,121.8184334,39.09964646
苏州科技大学,,理工,江苏,156.4,226,120.55703,31.265566,120.552798,31.26772321
河北科技大学,,理工,河北,155.9,227,114.534811,38.046379,114.528892,38.04579995
渤海大学,,综合,辽宁,155.8,228,116.31736,39.983707,116.3112533,39.98242399
华北理工大学,,综合,河北,155.5,229,118.179192,39.636848,118.1728926,39.63552568
甘肃农业大学,,农业,甘肃,155.4,230,103.700945,36.091873,103.6985009,36.09213626
北京印刷学院,,理工,北京,154.1,231,116.329503,39.744558,116.3233998,39.74326726
重庆理工大学,,理工,重庆,153.3,232,106.52942,29.45666,106.5256507,29.45948992
西安石油大学,,理工,陕西,153.3,232,108.653779,34.102838,108.6492743,34.10446747
海南师范大学,,师范,海南,152.8,234,110.344988,19.998159,110.3405974,20.00016172
上海应用技术大学,,理工,上海,151.6,235,121.422595,31.166042,121.4179563,31.16791353
桂林电子科技大学,,理工,广西,151.2,236,110.337107,25.281329,110.3324308,25.28409056
聊城大学,,综合,山东,150.8,237,116.01198,36.430933,116.006234,36.43079348
郑州轻工业大学,,理工,河南,150.8,237,113.65123,34.795126,113.6451541,34.79623066
武汉轻工大学,,理工,湖北,150,239,114.237573,30.638471,114.2321328,30.64090919
安徽建筑大学,,理工,安徽,149.9,240,117.22809,31.74456,117.2226124,31.74654391
东北石油大学,,理工,黑龙江,149.9,240,125.149391,46.59074,125.142377,46.5886729
成都信息工程大学,,理工,四川,149.2,242,103.917516,30.683908,103.9154329,30.68666142
东莞理工学院,,理工,广东,149,243,113.877857,22.9005,113.8729307,22.90343999
大连交通大学,,理工,辽宁,148.1,244,121.586442,38.924206,121.5814913,38.92342388
山东建筑大学,,理工,山东,147.5,245,117.181744,36.686719,117.1756916,36.68635427
西华师范大学,,师范,四川,147.4,246,114.529709,33.768277,114.5242199,33.76981666
西安工程大学,,理工,陕西,147.2,247,109.186238,34.36514,109.1811425,34.36644898
贵州师范大学,,师范,贵州,146.7,248,106.635649,26.386053,106.6320895,26.38966264
成都大学,,综合,四川,146.3,249,104.189026,30.651446,104.1865977,30.65396362
西安工业大学,,理工,陕西,145.9,250,108.983039,34.377929,108.9782469,34.3793752
浙大宁波理工学院,,理工,浙江,145.1,251,121.569672,29.815443,121.5655523,29.81805746
佛山科学技术学院,,理工,广东,144.6,252,113.100107,23.024339,113.094618,23.02687964
山西农业大学,,农业,山西,143.8,253,112.587429,37.424047,112.5812355,37.42358719
青岛理工大学,,理工,山东,143.6,254,120.205632,35.973277,120.2005428,35.97316045
华北水利水电大学,,理工,河南,143.5,255,113.674683,34.811325,113.6685664,34.81237047
厦门理工学院,,理工,福建,143.2,256,118.08573,24.62394,118.0807439,24.62660426
北京电子科技学院,,理工,北京,142.9,257,116.279773,39.837164,116.2737446,39.83594092
南京工程学院,,理工,江苏,142.7,258,118.881403,31.925978,118.8763797,31.92815562
北京联合大学,,综合,北京,142.2,259,116.427048,39.990882,116.4208054,39.98948228
长春工业大学,,理工,吉林,141.6,260,125.299472,43.827263,125.2930409,43.82486848
辽宁工程技术大学,,理工,辽宁,141.3,261,120.780132,40.624062,120.7748413,40.62257518
湖州师范学院,,师范,浙江,141.1,262,120.134117,30.874626,120.1293043,30.87669766
江汉大学,,综合,湖北,140.5,263,114.159289,30.51214,114.1536641,30.514504
辽宁石油化工大学,,理工,辽宁,140.2,264,123.234668,41.746311,123.2288675,41.74404876
青海师范大学,,师范,青海,140.1,265,101.749737,36.745885,101.7477748,36.74587396
吉林师范大学,,师范,吉林,139.9,266,125.213919,43.780231,125.2075183,43.77781568
北京石油化工学院,,理工,北京,139.7,267,116.325768,39.748175,116.3196722,39.74689083
内蒙古师范大学,,师范,内蒙古,139.7,267,111.694234,40.80459,111.6874122,40.80324065
中国民航大学,,理工,天津,139.1,269,117.354309,39.102642,117.3478315,39.10153379
辽宁工业大学,,理工,辽宁,138.7,270,121.125451,41.145791,121.1197946,41.1436957
湖南工业大学,,理工,湖南,138.6,271,113.106165,27.824002,113.1003158,27.82711803
延安大学,,综合,陕西,138.5,272,109.463028,36.619962,109.457526,36.6197594
西华大学,,综合,四川,138.2,273,103.95492,30.777764,103.9527656,30.78041808
桂林理工大学,,理工,广西,138,274,110.299312,25.063343,110.294731,25.066181
河北工程大学,,理工,河北,137,275,114.49876,36.574797,114.4928614,36.57461615
沈阳化工大学,,理工,辽宁,137,275,123.234668,41.746311,123.2288675,41.74404876
绍兴文理学院,,师范,浙江,136.8,277,120.571268,29.98114,120.5671703,29.98376252
安徽工程大学,,理工,安徽,136.6,278,118.41375,31.340243,118.4083399,31.34207911
浙江科技学院,,理工,浙江,135.9,279,120.024421,30.218984,120.0196914,30.22138562
盐城工学院,,理工,江苏,135,280,120.176971,33.400136,120.1720497,33.40155994
盐城师范学院,,师范,江苏,134.8,281,120.157592,33.383776,120.1526131,33.38517345
山西师范大学,,师范,山西,134.5,282,111.504325,36.07878,111.4980411,36.07884352
赣南师范大学,,师范,江西,133.9,283,114.886474,25.796003,114.8817742,25.79918143
大连海洋大学,,农业,辽宁,133.7,284,121.555454,38.868233,121.5504483,38.86744036
内蒙古工业大学,,理工,内蒙古,133.6,285,111.68372,40.849235,111.6769194,40.84786966
淮阴师范学院,,师范,江苏,133.3,286,119.005457,33.641576,119.0000517,33.64300507
信阳师范学院,,师范,河南,133.1,287,114.124345,32.162588,114.1184872,32.16454338
安庆师范大学,,师范,安徽,132.9,288,117.003303,30.608999,116.9980656,30.6114208
合肥学院,,理工,安徽,132.8,289,117.255203,31.752979,117.249728,31.75497708
云南农业大学,,农业,云南,132.6,290,102.749651,25.128862,102.7481605,25.13180001
辽宁科技大学,,理工,辽宁,132.5,291,123.063495,41.105729,123.0577242,41.10364586
南宁师范大学,,师范,广西,132.3,292,108.346669,22.832016,108.3426356,22.83473425
沈阳理工大学,,理工,辽宁,132.2,293,123.493776,41.72783,123.4878034,41.72553514
内蒙古民族大学,,综合,内蒙古,131.3,294,122.253176,43.628835,122.2476296,43.62646468
新疆师范大学,,师范,新疆,131.2,295,87.587026,43.905011,87.58417674,43.90385688
湖北师范大学,,师范,湖北,130.8,296,115.063991,30.226583,115.0585478,30.22896153
重庆科技学院,,理工,重庆,130.6,297,106.319005,29.587767,106.3151434,29.59040192
淮阴工学院,,理工,江苏,130.6,297,119.036003,33.552653,119.030498,33.55402728
吉林建筑大学,,理工,吉林,130.6,297,125.407666,43.79522,125.4010216,43.79265466
中原工学院,,理工,河南,130.4,300,113.589593,34.746245,113.583542,34.74743862
北华大学,,综合,吉林,130.2,301,126.562866,43.810677,126.5572016,43.80842232
嘉兴学院,,综合,浙江,130.2,301,120.720484,30.736445,120.7161863,30.73876942
临沂大学,,综合,山东,129.8,303,118.28975,35.119762,118.2841168,35.1202623
吉首大学,,综合,湖南,129.7,304,109.72486,28.288438,109.7201457,28.2918439
景德镇陶瓷大学,,理工,江西,129.5,305,117.316779,29.328868,117.3114234,29.33148623
广东技术师范大学,,师范,广东,129.3,306,113.337005,23.146076,113.3315657,23.14864707
淮北师范大学,,师范,安徽,128.7,307,116.811015,33.983799,116.8056268,33.98523219
广东海洋大学,,农业,广东,128.6,308,110.300832,21.151215,110.2964741,21.15370931
长江师范学院,,师范,重庆,128.4,309,107.390884,29.701571,107.3862579,29.70405266
宁波工程学院,,理工,浙江,128.4,309,121.613244,29.909587,121.6091476,29.91221491
上海海关学院,,综合,上海,128,311,121.578106,31.16865,121.5738907,31.17086933
黑龙江八一农垦大学,,农业,黑龙江,127.8,312,125.174437,46.587453,125.1674783,46.58543017
江西科技师范大学,,师范,江西,127,313,115.835198,28.735875,115.8302255,28.73912109
安阳师范学院,,师范,河南,125.9,314,114.366493,36.058769,114.3604291,36.05863643
西南林业大学,,林业,云南,125.9,314,103.986214,30.699631,103.9839634,30.70224302
新疆农业大学,,农业,新疆,125.5,316,87.56745,43.810825,87.56457772,43.80959484
常熟理工学院,,综合,江苏,125.2,317,120.736697,31.608656,120.7323104,31.61059777
闽南师范大学,,师范,福建,124.9,318,117.645363,24.507475,117.6405867,24.51046355
天津城建大学,,理工,天津,124.9,318,117.095443,39.094966,117.0890255,39.09381554
福建工程学院,,理工,福建,124.7,320,119.194223,26.038543,119.1893932,26.04160094
沈阳大学,,综合,辽宁,124.5,321,123.4577,41.820811,123.4516014,41.81841711
五邑大学,,综合,广东,124.4,322,113.084587,22.590401,113.0791385,22.59309221
内蒙古科技大学,,综合,内蒙古,124.2,323,109.833262,40.623439,109.8275314,40.62228965
江苏理工学院,,理工,江苏,123.5,324,119.918224,31.750682,119.9135501,31.75282094
上海第二工业大学,,理工,上海,123.4,325,121.652241,31.260196,121.6479924,31.2623361
浙大城市学院,,理工,浙江,123,326,120.155627,30.328467,120.1509161,30.33078217
太原科技大学,,理工,山西,122.7,327,112.492633,37.875528,112.4861217,37.87483147
岭南师范学院,,师范,广东,122.6,328,110.349556,21.26952,110.345088,21.27192568
天津农学院,,农业,天津,122.2,329,117.101466,39.091612,117.0950449,39.09046237
塔里木大学,,综合,新疆,121.5,330,81.2911,40.54393,81.28829645,40.54335755
南京晓庄学院,,师范,江苏,121.3,331,118.75155,32.037281,118.7463268,32.03931399
大理大学,,综合,云南,120.9,332,100.156044,25.673575,100.1548131,25.67652348
井冈山大学,,综合,江西,120.9,332,115.032043,27.111846,115.0269394,27.11509717
湖南理工学院,,理工,湖南,120.8,334,112.952023,27.977413,112.9465741,27.98088238
江苏海洋大学,,理工,江苏,120.8,334,119.21956,34.60708,119.2140171,34.60809708
台州学院,,综合,浙江,120.6,336,121.388423,28.650662,121.383993,28.65361306
闽江学院,,理工,福建,120.4,337,119.169113,26.064703,119.1642291,26.06773182
黄冈师范学院,,师范,湖北,120,338,114.92983,30.44666,114.924767,30.44933227
重庆文理学院,,综合,重庆,119.9,339,105.938205,29.350618,105.934703,29.35359885
浙江万里学院,,理工,浙江,119.9,339,121.631006,29.826757,121.6269033,29.82937517
齐齐哈尔大学,,综合,黑龙江,119.7,341,123.926859,47.353873,123.9203069,47.3518326
四川轻化工大学,,理工,四川,119.7,341,104.765435,29.334845,104.7627417,29.33769408
南昌工程学院,,理工,江西,119.6,343,116.024488,28.687315,116.019423,28.69043281
天津职业技术师范大学,,师范,天津,119.4,344,117.299122,39.055274,117.2927966,39.0542939
上海电机学院,,理工,上海,119.1,345,121.546167,31.273593,121.5418733,31.27570828
湖北科技学院,,综合,湖北,119,346,114.404633,30.472013,114.3990959,30.47432816
陕西理工大学,,理工,陕西,118.8,347,107.054662,33.070776,107.0500408,33.07259268
内江师范学院,,师范,四川,118.5,348,105.050952,29.588901,105.0477596,29.59149406
合肥师范学院,,师范,安徽,118.4,349,117.274808,31.853878,117.2693073,31.8558858
阜阳师范大学,,师范,安徽,116.6,350,115.7864,32.894118,115.7809561,32.89606288
南阳师范学院,,师范,河南,116.4,351,112.536167,32.993422,112.5303301,32.99542379
贵州师范学院,,师范,贵州,116.2,352,106.796892,26.642097,106.7930727,26.64563389
徐州工程学院,,理工,江苏,115.8,353,117.207931,34.216056,117.2021902,34.21732466
洛阳师范学院,,师范,河南,115.4,354,112.47291,34.65657,112.4666926,34.65759295
仲恺农业工程学院,,农业,广东,115.4,354,113.280441,23.107883,113.2751029,23.11055914
长春师范大学,,师范,吉林,115.2,356,125.392572,43.910114,125.3859156,43.90761788
湖北文理学院,,综合,湖北,114.8,357,112.042479,32.000432,112.0364628,32.00245766
宝鸡文理学院,,师范,陕西,114.5,358,107.210663,34.346859,107.2059536,34.34825475
安徽科技学院,,师范,安徽,114.2,359,117.251656,31.877741,117.2461701,31.87976081
长沙学院,,理工,湖南,114,360,113.026326,28.245037,113.0206036,28.24832698
衡阳师范学院,,师范,湖南,113.8,361,112.680838,26.875759,112.6754924,26.87926327
无锡学院,,综合,江苏,113.3,362,120.225758,31.570275,120.2211339,31.57220532
滨州学院,,师范,山东,113.1,363,117.98919,37.385168,117.9832479,37.38448246
长春大学,,综合,吉林,112.8,364,125.320911,43.834843,125.3144262,43.83241684
黑龙江科技大学,,理工,黑龙江,112.6,365,126.656734,45.820833,126.6507328,45.81888578
泉州师范学院,,师范,福建,112.6,365,118.670942,24.868273,118.6664141,24.87119911
河北科技师范学院,,师范,河北,112,367,119.550694,39.909488,119.5448151,39.90832088
广西科技大学,,理工,广西,111.8,368,109.44557,24.332836,109.4409856,24.33555839
江苏第二师范学院,,师范,江苏,111.5,369,118.754674,32.058518,118.7494487,32.06055622
西藏农牧学院,,农业,西藏,111.1,370,94.341601,29.666413,94.34046809,29.66913331
贵州理工学院,,理工,贵州,111,371,106.65795,26.559262,106.6543293,26.56288487
咸阳师范学院,,师范,陕西,111,371,108.728199,34.361419,108.7234956,34.36282728
九江学院,,综合,江西,110.8,373,116.014909,29.682816,116.0097911,29.68533439
绵阳师范学院,,师范,四川,110.6,374,104.59809,31.453695,104.5956748,31.45607939
湖北汽车工业学院,,理工,湖北,110.5,375,114.24678,30.636959,114.2413513,30.63940222
常州工学院,,理工,江苏,109.7,376,119.943923,31.870371,119.9392274,31.8725021
金陵科技学院,,综合,江苏,109.6,377,118.811218,32.121738,118.8060459,32.12384197
黑龙江工程学院,,理工,黑龙江,109.4,378,126.52532,45.871021,126.5192074,45.86901769
乐山师范学院,,师范,四川,109.4,378,103.750816,29.559643,103.748606,29.56239199
潍坊学院,,综合,山东,109.2,380,119.180186,36.717414,119.1743325,36.71698749
佳木斯大学,,综合,黑龙江,108.8,381,130.361339,46.805596,130.3534543,46.80330856
唐山师范学院,,师范,河北,108.5,382,118.173106,39.673655,118.1667838,39.67231444
山东交通学院,,理工,山东,108.4,383,116.793072,36.537932,116.7873964,36.53777205
广东石油化工学院,,综合,广东,107.6,384,110.923109,21.677262,110.9186075,21.68005004
河北建筑工程学院,,理工,河北,107.6,384,114.530399,38.037707,114.5244644,38.03711413
湖北工程学院,,综合,湖北,107.4,386,114.389849,30.503821,114.384309,30.50613287
惠州学院,,综合,广东,107.3,387,114.421664,23.038614,114.4167021,23.04114247
成都工业学院,,理工,四川,107.1,388,103.882116,30.787674,103.880029,30.79037092
丽水学院,,师范,浙江,107.1,388,119.903648,28.456803,119.8992347,28.4602214
黄淮学院,,师范,河南,106.8,390,114.00705,33.008121,114.0012228,33.00999638
许昌学院,,理工,河南,106.7,391,113.871198,34.046757,113.8653587,34.04833197
北华航天工业学院,,理工,河北,106.6,392,116.740051,39.529408,116.7340277,39.52824153
湖北第二师范学院,,师范,湖北,106.5,393,114.449152,30.480612,114.4436778,30.48296257
湖南第一师范学院,,师范,湖南,106.2,394,112.867237,28.196405,112.8618132,28.19991183
湖南文理学院,,综合,湖南,105.9,395,113.176739,28.249168,113.1709388,28.25242165
周口师范学院,,师范,河南,105.7,396,114.682609,33.635594,114.6771743,33.63718304
成都师范学院,,师范,四川,105.5,397,103.828873,30.676146,103.8267048,30.6788156
重庆三峡学院,,综合,重庆,105.5,397,108.383511,30.794618,108.3789323,30.79689632
铜仁学院,,综合,贵州,105.5,397,109.22216,27.786767,109.2176089,27.79008952
遵义师范学院,,师范,贵州,105.4,400,106.915237,27.704388,106.9114397,27.70792897
上饶师范学院,,师范,江西,105,401,117.970296,28.416874,117.965274,28.42024072
商丘师范学院,,师范,河南,104.8,402,115.631152,34.423498,115.6256886,34.42490464
宜春学院,,综合,江西,104.7,403,114.359586,27.793183,114.3542958,27.7963219
浙江水利水电学院,,理工,浙江,104.7,403,120.374055,30.314254,120.3694657,30.31653656
滁州学院,,师范,安徽,104.6,405,118.302516,32.291814,118.2971481,32.293855
吉林化工学院,,理工,吉林,104.4,406,126.618397,43.89992,126.6127612,43.89774516
德州学院,,综合,山东,104.1,407,116.331474,37.467262,116.3256359,37.46644424
肇庆学院,,综合,广东,104,408,112.495301,23.107272,112.4901174,23.10993724
泰山学院,,综合,山东,103.5,409,117.110119,36.1937,117.1040417,36.19345022
广东第二师范学院,,师范,广东,103.2,410,113.185529,23.404974,113.1801114,23.40749499
沈阳工程学院,,理工,辽宁,102.7,411,123.418933,41.91944,123.412768,41.91699829
榆林学院,,师范,陕西,102.3,412,109.721541,38.293135,109.7159788,38.29263445
长春工程学院,,理工,吉林,102.2,413,125.281115,43.854532,125.2747132,43.85217494
洛阳理工学院,,综合,河南,102,414,112.422346,34.612397,112.4160312,34.61337451
韩山师范学院,,师范,广东,101.3,415,116.65847,23.661964,116.6540464,23.66466557
河北科技工程职业技术大学,,理工,河北,101.2,416,114.451972,37.085969,114.4458478,37.08532608
天水师范学院,,师范,甘肃,101.2,416,105.699119,34.569883,105.695244,34.57124881
北部湾大学,,综合,广西,101.1,418,108.616631,21.900398,108.6129463,21.90329969
西安文理学院,,师范,陕西,101.1,418,108.913598,34.221011,108.9090079,34.22264779
齐鲁师范学院,,师范,山东,100.9,420,117.4963,36.658379,117.4902181,36.65808311
皖西学院,,师范,安徽,100.9,420,116.525078,31.765627,116.5199947,31.7676981
哈尔滨学院,,综合,黑龙江,100.6,422,126.606999,45.704504,126.6010954,45.70257806
湖南城市学院,,综合,湖南,100.3,423,112.387207,28.539665,112.381462,28.54278548
通化师范学院,,师范,吉林,100.3,423,125.988453,41.746543,125.9826869,41.74427312
防灾科技学院,,理工,河北,100,425,116.801041,39.953777,116.7949761,39.95258313
宜宾学院,,综合,四川,99.9,426,104.61345,28.79421,104.6111344,28.79764357
河北工业职业技术大学,,理工,河北,99.5,427,114.462368,37.97716,114.4561721,37.97636281
兰州城市学院,,综合,甘肃,99.4,428,103.69785,36.09552,103.6954129,36.09578766
河南科技学院,,师范,河南,99.2,429,113.672872,34.68395,113.6667719,34.68512532
宁夏师范学院,,师范,宁夏,99,430,106.285606,36.013136,106.2813784,36.01330315
曲靖师范学院,,师范,云南,99,430,103.752175,25.524454,103.750119,25.52742971
渭南师范学院,,师范,陕西,98.9,432,109.465193,34.491722,109.4598969,34.49291365
玉林师范学院,,师范,广西,98.8,433,110.198287,22.67918,110.1938426,22.68199999
南京特殊教育师范学院,,师范,江苏,98.4,434,118.829971,32.127929,118.8248369,32.1300682
华北科技学院,,理工,河北,98.2,435,116.804718,39.953941,116.7986585,39.95275267
唐山学院,,理工,河北,98,436,118.166193,39.676367,118.1598502,39.6750132
韶关学院,,综合,广东,97.9,437,113.669633,24.77384,113.6643904,24.77682633
河西学院,,综合,甘肃,97.6,438,117.792848,39.246038,117.7865615,39.24499091
黄山学院,,师范,安徽,97.6,438,118.29198,29.71409,118.2868558,29.71657594
中国民用航空飞行学院,,理工,四川,97.3,440,104.307564,30.950354,104.3050925,30.95272624
湖南工程学院,,理工,湖南,97.2,441,113.06881,28.275771,113.0629631,28.27896234
三明学院,,综合,福建,96.8,442,117.565445,26.19338,117.5605459,26.19677028
泰州学院,,师范,江苏,96.7,443,119.938276,32.475661,119.9335318,32.47786747
湖北理工学院,,理工,湖北,96.5,444,115.026249,30.208261,115.020917,30.2107298
石家庄学院,,师范,河北,96.5,444,114.60489,38.035943,114.5991167,38.03546055
莆田学院,,综合,福建,96.3,446,119.012131,25.44674,119.0073974,25.44952183
龙岩学院,,综合,福建,96.2,447,117.026978,25.030844,117.0220879,25.0335931
内蒙古科技大学包头师范学院,,综合,内蒙古,96.1,448,109.885646,40.655371,109.8800183,40.65428182
安顺学院,,综合,贵州,95.8,449,105.901043,26.243851,105.8977389,26.24742286
南昌师范学院,,师范,江西,95.8,449,115.803861,28.722631,115.7988128,28.72582961
四川文理学院,,综合,四川,95.5,451,104.163909,30.614124,104.1614351,30.61660993
廊坊师范学院,,师范,河北,95.2,452,116.67006,39.524921,116.6642004,39.52386124
玉溪师范学院,,师范,云南,95.2,452,102.563459,24.339312,102.5622352,24.34240354
河南城建学院,,理工,河南,95.1,454,113.189536,33.76911,113.1832493,33.77052844
重庆第二师范学院,,师范,重庆,95,455,106.576142,29.510449,106.5724542,29.51335016
西昌学院,,综合,四川,94.9,456,102.215475,27.9482,102.2139484,27.95162802
凯里学院,,综合,贵州,94.8,457,107.892324,26.524356,107.8883079,26.52801421
牡丹江师范学院,,师范,黑龙江,94.8,457,129.561043,44.589887,129.5539609,44.58790991
四川旅游学院,,综合,四川,94.6,459,104.279019,30.580538,104.2766216,30.58313539
郑州师范学院,,师范,河南,94.4,460,113.65469,34.862647,113.6486017,34.86367446
大庆师范学院,,综合,黑龙江,94.3,461,124.8625,46.63782,124.8560315,46.63603903
攀枝花学院,,综合,四川,94.3,461,101.725767,26.568038,101.7241871,26.57159815
昆明学院,,综合,云南,94.2,463,102.680283,25.029425,102.6789165,25.03245337
衢州学院,,理工,浙江,94.1,464,118.868376,28.981067,118.8635874,28.98414795
白城师范学院,,师范,吉林,93.6,465,122.80886,45.615384,122.8029244,45.61340979
吉林工程技术师范学院,,师范,吉林,93.6,465,125.3187,43.937565,125.3122048,43.93520204
淮南师范学院,,师范,安徽,93.5,467,116.96082,32.613196,116.9555626,32.6153727
湖州学院,,师范,浙江,93.5,467,120.124895,30.872592,120.1200634,30.87465505
嘉应学院,,综合,广东,93.5,467,116.127319,24.326977,116.1224907,24.32961764
南阳理工学院,,理工,河南,93.5,467,112.552877,32.967697,112.547089,32.96975682
营口理工学院,,理工,辽宁,93.5,467,122.246299,40.62945,122.241137,40.62791233
商洛学院,,综合,陕西,93.4,472,109.95596,33.863487,109.9509476,33.86514423
陇东学院,,师范,甘肃,92.4,473,107.638046,35.731148,107.6333185,35.73154981
保定学院,,师范,河北,92.3,474,115.578289,38.880311,115.5723337,38.87967651
苏州城市学院,,综合,江苏,92.3,474,120.58415,31.218197,120.5799738,31.22041273
安康学院,,综合,陕西,92.2,476,109.034082,32.683587,109.0292156,32.68565681
湖南科技学院,,综合,湖南,91.7,477,112.919336,28.219268,112.9139243,28.22280242
山东管理学院,,综合,山东,91.7,477,116.784964,36.530134,116.7792814,36.52996863
贵阳学院,,综合,贵州,91.5,479,106.773567,26.556246,106.7697398,26.5597483
辽宁科技学院,,理工,辽宁,91.4,480,123.713805,41.45877,123.7079272,41.45661403
武夷学院,,综合,福建,91.3,481,118.00425,27.709625,117.9991916,27.71285476
鞍山师范学院,,师范,辽宁,91.2,482,122.995967,41.076153,122.9904892,41.07427337
湘南学院,,理工,湖南,91.1,483,113.100426,25.785984,113.0947389,25.78881091
六盘水师范学院,,师范,贵州,90.9,484,104.821837,26.576646,104.8192889,26.58024386
河南牧业经济学院,,农业,河南,90.7,485,113.640594,34.86065,113.6345255,34.86170145
平顶山学院,,师范,河南,90.7,485,113.208719,33.747473,113.2024703,33.74892999
贺州学院,,综合,广西,90.6,487,111.515234,24.411377,111.5099929,24.41428345
兰州工业学院,,理工,甘肃,90.6,487,103.74665,36.052567,103.74414,36.05279223
宁德师范学院,,师范,福建,90.5,489,119.594204,26.656655,119.5897039,26.66020423
池州学院,,师范,安徽,90.4,490,117.567732,30.643318,117.5624765,30.64586935
黔南民族师范学院,,师范,贵州,90.2,491,107.521608,26.293492,107.5174276,26.29694148
太原师范学院,,师范,山西,90.2,491,112.547,37.8345,112.5406838,37.83395077
宿州学院,,师范,安徽,90.1,493,117.077336,33.633055,117.071567,33.63435054
山东石油化工学院,,理工,山东,89.8,494,118.543821,37.464619,118.5381652,37.46395404
海南热带海洋学院,,综合,海南,89.7,495,110.323306,20.057525,110.3189602,20.05961793
黑河学院,,综合,黑龙江,89.4,496,127.542139,50.226573,127.5348869,50.22495528
吉林农业科技学院,,农业,吉林,89.4,496,126.475571,43.953079,126.4695501,43.95067187
辽东学院,,综合,辽宁,89.4,496,124.427567,40.150883,124.4217364,40.14929047
山西大同大学,,综合,山西,89.4,496,113.34961,40.09294,113.342489,40.09166101
西安航空学院,,理工,陕西,89.4,496,108.89228,34.26295,108.887697,34.26456895
陕西学前师范学院,,师范,陕西,89.3,501,108.952556,34.226754,108.947886,34.22834283
四川民族学院,,师范,四川,89.3,501,102.177748,30.109858,102.1760698,30.11248365
山东农业工程学院,,综合,山东,88.8,503,117.094778,36.69475,117.088652,36.69428576
蚌埠学院,,理工,安徽,88.3,504,117.423095,32.889859,117.4172465,32.89158272
怀化学院,,综合,湖南,87.9,505,110.019881,27.573628,110.0151444,27.57689533
新余学院,,综合,江西,87.8,506,114.995812,27.857762,114.9907776,27.86107327
邵阳学院,,理工,湖南,87.7,507,111.438222,27.195628,111.4325982,27.19881204
楚雄师范学院,,师范,云南,87.4,508,101.550356,25.026218,101.5489414,25.02930933
河南工程学院,,理工,河南,87.4,508,113.696538,34.616148,113.6904048,34.61733941
济宁学院,,师范,山东,87.3,510,116.953453,35.551693,116.9479316,35.55199039
喀什大学,,师范,新疆,87.2,511,76.002517,39.478534,75.99952844,39.47827504
兰州文理学院,,综合,甘肃,86.9,512,103.896886,36.064625,103.8945665,36.06502844
赤峰学院,,综合,内蒙古,86.8,513,118.917203,42.241972,118.9110336,42.2400375
汉江师范学院,,师范,湖北,86.8,513,110.788302,32.616598,110.7829721,32.61877164
伊犁师范大学,,师范,新疆,86.7,515,81.305966,43.938442,81.30298244,43.93724149
贵州工程应用技术学院,,师范,贵州,86.5,516,106.70741,26.598194,106.7036578,26.60173248
邢台学院,,师范,河北,86.4,517,114.508051,37.087588,114.502134,37.0870917
邯郸学院,,师范,河北,86.2,518,114.510107,36.577942,114.5042546,36.57779355
衡水学院,,师范,河北,86.2,518,115.661614,37.742653,115.6557528,37.74203857
晋中学院,,师范,山西,86.1,520,112.715163,37.740271,112.7087158,37.73962406
梧州学院,,综合,广西,86,521,111.317102,23.496771,111.311918,23.49931261
菏泽学院,,综合,山东,85.8,522,115.466462,35.271317,115.4605445,35.27162214
红河学院,,综合,云南,85.8,522,103.424837,23.349713,103.4227823,23.35222402
甘肃民族师范学院,,师范,甘肃,85.7,524,102.894119,34.961458,102.89241,34.96261978
呼伦贝尔学院,,综合,内蒙古,85.6,525,119.782662,49.199725,119.7753441,49.1977917
山东女子学院,,综合,山东,85.4,526,116.824208,36.55615,116.8185775,36.55603086
湖南人文科技学院,,师范,湖南,84.8,527,112.002867,27.711132,111.9973385,27.71443813
广州航海学院,,理工,广东,84.6,528,113.478964,23.101616,113.4735692,23.1042284
新乡学院,,理工,河南,84.6,528,113.942183,35.291233,113.9362706,35.29181652
百色学院,,综合,广西,84.2,530,106.608872,23.890572,106.6054762,23.89347962
沧州师范学院,,师范,河北,83.9,531,116.783943,38.285245,116.7780616,38.28458699
景德镇学院,,综合,江西,83.6,532,117.18267,29.278428,117.1773513,29.28106122
福建技术师范学院,,师范,福建,83.4,533,119.310892,25.70463,119.3061029,25.70747956
赣南科技学院,,理工,江西,83.4,533,114.916869,25.838007,114.9121679,25.84121731
广西民族师范学院,,师范,广西,83.4,533,108.319574,22.842933,108.315592,22.84569813
荆楚理工学院,,理工,湖北,83.4,533,112.197723,31.043692,112.1918792,31.04588885
安阳工学院,,理工,河南,83.2,537,114.351798,36.065146,114.3457552,36.06503651
阿坝师范学院,,师范,四川,82.8,538,103.416773,30.924117,103.414426,30.92638753
信阳农林学院,,农业,河南,82.8,538,114.124905,32.161295,114.1190483,32.16325064
巢湖学院,,师范,安徽,82.6,540,117.92778,31.64862,117.9225501,31.65077483
河北民族师范学院,,师范,河北,82.5,541,114.456217,38.011779,114.4499976,38.01097599
桂林航天工业学院,,理工,广西,82.3,542,110.373477,25.281796,110.3687252,25.28449706
长治学院,,师范,山西,82.2,543,113.136696,36.208809,113.1300437,36.20865247
河池学院,,综合,广西,81,544,108.662594,24.499464,108.6586958,24.50250058
河北环境工程学院,,综合,河北,80.9,545,119.453212,39.868374,119.4469519,39.86694773
张家口学院,,综合,河北,80.7,546,114.869087,40.843079,114.86294,40.84171387
湖南工学院,,理工,湖南,80.6,547,112.99238,28.15773,112.9867889,28.16111927
河南工学院,,理工,河南,80.5,548,113.697165,34.617917,113.6910307,34.61910578
兴义民族师范学院,,师范,贵州,80,549,104.972376,25.161662,104.9697261,25.16466705
绥化学院,,综合,黑龙江,79.8,550,126.977918,46.62403,126.971587,46.62213039
温州理工学院,,师范,浙江,79.2,551,120.706979,27.93056,120.7029187,27.93382669
保山学院,,师范,云南,79,552,99.16148,25.135116,99.16055948,25.13796962
山东青年政治学院,,综合,山东,78.9,553,117.239705,36.672204,117.2337273,36.67192908
长沙师范学院,,师范,湖南,78.8,554,113.082709,28.25522,113.0768405,28.25839457
枣庄学院,,综合,山东,78.1,555,117.537231,34.900274,117.5314874,34.90114419
郑州工程技术学院,,理工,河南,78.1,555,113.649368,34.863612,113.6432876,34.86464719
运城学院,,师范,山西,77.9,557,110.932027,35.12396,110.9265175,35.12478391
文山学院,,师范,云南,76.9,558,104.246888,23.353363,104.2448017,23.35604253
吕梁学院,,师范,山西,76.3,559,111.143937,37.580583,111.1375617,37.57978648
新疆工程学院,,理工,新疆,75.5,560,87.580702,43.814053,87.57785087,43.81284012
普洱学院,,师范,云南,75.1,561,100.999397,22.768602,100.9981051,22.77152056
萍乡学院,,综合,江西,73.2,562,113.879916,27.626459,113.8746602,27.62989876
集宁师范学院,,师范,内蒙古,72.6,563,113.143341,41.010836,113.1360782,41.00906085
滇西科技师范学院,,师范,云南,72.2,564,100.075933,23.887267,100.0746914,23.8898663
太原工业学院,,理工,山西,71.8,565,112.540407,37.959379,112.5340564,37.95883689
新疆理工学院,,综合,新疆,71.7,566,80.217408,41.23118,80.21520854,41.23013522
广西科技师范学院,,师范,广西,71.5,567,109.386047,24.429159,109.3814514,24.43188087
昭通学院,,师范,云南,71.2,568,103.737602,27.356476,103.7354857,27.35988113
忻州师范学院,,师范,山西,71.1,569,112.72651,38.431883,112.7199586,38.43131321
河北石油职业技术大学,,理工,河北,70.7,570,114.39706,38.296091,114.390718,38.2952874
昌吉学院,,师范,新疆,70.1,571,87.301155,44.017867,87.29807135,44.01657032
琼台师范学院,,师范,海南,69.8,572,121.009521,29.209967,121.0052811,29.21266643
鄂尔多斯应用技术学院,,综合,内蒙古,69.3,573,109.825048,39.610762,109.8194115,39.60980274
黑龙江工业学院,,理工,黑龙江,68.2,574,126.68731,45.786348,126.6812282,45.78433326
新疆政法学院,,综合,新疆,66.9,575,87.572964,43.877543,87.57009842,43.87635929
山西能源学院,,综合,山西,64.9,576,112.73827,37.750315,112.7317842,37.74964403
赣东学院,,理工,江西,64.2,577,116.351303,27.988766,116.3463142,27.9919269
河套学院,,综合,内蒙古,64.1,578,120.167442,36.249313,120.1622055,36.24906099
亳州学院,,师范,安徽,63.6,579,115.768788,33.802509,115.763233,33.80395095
豫章师范学院,,师范,江西,62.1,580,115.776719,28.665204,115.7716277,28.66840503
山西工程技术学院,,理工,山西,61.9,581,112.549415,37.88088,112.5431001,37.88034411
太原学院,,理工,山西,58.2,582,112.54748,37.833441,112.5411653,37.83289273
